name	cognom1	cognom2	mobil	data_naix	email	email_aleatorio	dominios
Troy	Nuñez	Aguilar	666203944	1987-08-03	t.nuñez@educacio.eu	neque@gencat.edu	bcn.cat
Harrison	Ramos	Alonso	675982355	1966-03-18	h.ramos@institut.edu	mauris@institut.edu	educacio.edu
Chester	Santana	Alvarez	687549746	1949-04-20	c.santana@govern.cat	nullam.vitae.diam@gencat.edu	govern.cat
Barrett	Pastor	Alvarez	673853491	1940-05-09	b.pastor@educacio.com	ligula.nullam@gencat.com	institut.edu
Barclay	Lorenzo	Andres	676014284	1979-06-03	b.lorenzo@institut.edu	dignissim@institut.cateu	gencat.cat
Caesar	Velasco	Blanco	607653912	1979-09-20	c.velasco@institut.edu	sed.consequat.auctor@educacio.cat	educacio.eu
Jack	Merino	Bravo	629263942	1992-06-21	j.merino@educacio.eu	hendrerit.consectetuer.cursus@govern.cat	educacio.com
Stephanie	Fernandez	Bravo	601752339	1966-05-20	s.fernandez@educacio.com	lectus.pede.et@educacio.edu	
Charles	Campos	Bravo	693474656	1981-05-21	c.campos@educacio.com	adipiscing.elit.etiam@bcn.edu	
Edward	Delgado	Cabrera	686858749	1989-11-21	e.delgado@govern.cat	vel.venenatis.vel@bcn.edu	
Hayfa	Sanz	Cabrera	673956832	1972-03-10	h.sanz@institut.edu	placerat.eget@institut.cat	
Fatima	Pascual	Cabrera	656560555	1986-06-23	f.pascual@bcn.cat	pharetra.nibh.aliquam@gencat.cateu	
Brian	Fuentes	Calvo	627214416	1944-05-13	b.fuentes@educacio.com	tellus.eu.augue@bcn.cateu	
Tatiana	Flores	Campos	642711613	1962-05-21	t.flores@institut.edu	suscipit.nonummy.fusce@educacio.cateu	
Lee	Esteban	Carmona	602675851	1952-04-30	l.esteban@educacio.eu	nisl.nulla@govern.edu	
Xander	Ruiz	Carmona	690883794	2001-05-26	x.ruiz@educacio.eu	scelerisque.sed@educacio.com	
Ryder	Iba	Casado	606018891	1999-07-06	r.iba@institut.edu	neque.tellus.imperdiet@bcn.edu	
Clinton	Nuñez	Castillo	619764166	1987-04-15	c.nuñez@educacio.edu	lacinia.mattis@educacio.com	
Cain	Lozano	Castro	672799005	1952-08-15	c.lozano@bcn.cat	justo.eu@educacio.com	
Akeem	Vila	Cruz	655129553	1985-11-04	a.vila@govern.cat	fusce.dolor@educacio.edu	
Laith	Montero	Delgado	602993269	1984-05-06	l.montero@bcn.cat	et.rutrum@bcn.edu	
Thaddeus	Vila	Diaz	669632054	1940-06-09	t.vila@govern.cat	eget.magna@govern.com	
Bo	Vila	Diez	658153960	1969-10-15	b.vila@bcn.cat	enim.etiam.imperdiet@educacio.cateu	
Amal	Mora	Diez	602857840	1948-10-11	a.mora@educacio.eu	donec@govern.com	
Illana	Redondo	Esteban	688224224	1986-12-11	i.redondo@educacio.com	odio.sagittis@gencat.edu	
Naomi	Gil	Esteban	682114672	1948-02-27	n.gil@gencat.cat	nullam.vitae@educacio.cat	
Kyla	Casado	Ferrer	626884710	1992-07-31	k.casado@educacio.edu	nunc.mauris@gencat.edu	
Yael	Prieto	Gallego	666404168	1975-03-05	y.prieto@educacio.eu	mus.proin@gencat.com	
Daniel	Fernandez	Gimenez	601372227	1971-09-03	d.fernandez@educacio.edu	aenean.massa@govern.cateu	
Armand	Fernandez	Gonzalez	607359459	1997-12-25	a.fernandez@gencat.cat	dictum.cursus@bcn.cat	
James	Marquez	Gonzalez	689184693	1979-01-12	j.marquez@govern.cat	bibendum@educacio.cat	
Nichole	Cortes	Gonzalez	678197269	1954-12-06	n.cortes@educacio.edu	vitae.diam@gencat.cat	
Rafael	Santos	Guerrero	684107796	2000-05-18	r.santos@educacio.edu	egestas.duis@institut.cat	
Ivor	Garcia	Gutierrez	673759882	1959-04-06	i.garcia@gencat.cat	libero@govern.cat	
Anne	Martin	Gutierrez	630198113	1956-08-30	a.martin@educacio.eu	lorem.ipsum@institut.com	
Rae	Esteban	Hernandez	663366554	1970-08-11	r.esteban@educacio.edu	justo@gencat.com	
Duncan	Marquez	Herrera	642045555	1989-11-14	d.marquez@institut.edu	maecenas.mi@govern.cat	
Cally	Dominguez	Herrero	636873812	1984-02-18	c.dominguez@gencat.cat	eu@bcn.edu	
Destiny	Marquez	Hidalgo	641223427	1973-02-14	d.marquez@bcn.cat	phasellus.elit.pede@educacio.cateu	
Oliver	Ortega	Ibañez	622576384	1944-04-09	o.ortega@govern.cat	nam.nulla@educacio.cat	
Sasha	Torres	Izquierdo	647376435	1990-09-01	s.torres@bcn.cat	aliquam.nisl@educacio.cat	
Neville	Martinez	Jimenez	636930376	1967-12-19	n.martinez@govern.cat	cras.eget@gencat.cateu	
Lila	Ortiz	Jimenez	678684822	1940-02-05	l.ortiz@bcn.cat	quisque.porttitor.eros@bcn.edu	
Ainsley	Duran	Leon	606558825	1976-01-15	a.duran@institut.edu	vel@institut.edu	
Carlos	Gil	Lorenzo	658566905	1971-01-27	c.gil@educacio.edu	arcu.sed.eu@govern.cateu	
Risa	ﾑez	Lozano	673087883	1996-09-28	r.ﾑez@educacio.eu	ligula.aenean.gravida@govern.com	
Len	Peña	Lozano	604844625	1946-02-22	l.peña@gencat.cat	ultrices.mauris@gencat.com	
Colorado	Morales	Marin	659229611	1956-03-20	c.morales@institut.edu	sit.amet@educacio.edu	
Tamara	Herrero	Martin	644170947	1941-03-09	t.herrero@gencat.cat	lorem.sit@educacio.edu	
Zorita	Molina	Martinez	619229494	1993-08-22	z.molina@educacio.eu	duis@educacio.cat	
Carla	ﾑez	Mendez	642900075	1949-06-04	c.ﾑez@educacio.com	elit.nulla.facilisi@govern.cat	
Calvin	Ruiz	Montero	624648259	1948-01-07	c.ruiz@govern.cat	at.velit.pellentesque@educacio.edu	
Kadeem	Santos	Mora	643082249	1976-01-31	k.santos@educacio.com	mauris.sit@educacio.cat	
Louis	Pardo	Morales	636439156	1946-03-08	l.pardo@govern.cat	in.consectetuer.ipsum@educacio.cat	
Rose	Dominguez	Moreno	658051392	2001-12-23	r.dominguez@bcn.cat	mollis.phasellus.libero@educacio.edu	
April	Castillo	Moreno	674796412	1956-03-26	a.castillo@educacio.edu	ipsum.non.arcu@bcn.cat	
Driscoll	Ibañez	Moya	617004719	1968-05-30	d.ibañez@institut.edu	sociis.natoque@educacio.cateu	
Ronan	Calvo	Moya	674279356	1979-07-18	r.calvo@govern.cat	donec.consectetuer.mauris@institut.cat	
Cooper	Muﾑoz	Nieto	689267248	1941-01-23	c.muﾑoz@educacio.edu	eu@educacio.edu	
Hedley	Redondo	Nuñez	647758765	1996-07-03	h.redondo@educacio.edu	orci.quis.lectus@gencat.cateu	
Macon	Vega	Nuñez	677680737	1975-09-28	m.vega@bcn.cat	feugiat.lorem@bcn.edu	
Cheryl	Navarro	Nuﾑez	632587658	1955-10-02	c.navarro@educacio.eu	magna.sed.eu@educacio.cateu	
Debra	Cano	Ortega	611996876	1993-04-02	d.cano@govern.cat	convallis@educacio.edu	
Benedict	Andres	Ortiz	648581659	1970-07-03	b.andres@educacio.edu	duis.ac@educacio.cateu	
Linus	Mora	Pardo	684859059	1987-10-24	l.mora@institut.edu	euismod.in.dolor@educacio.cat	
Moses	Pardo	Pascual	698633393	1958-02-13	m.pardo@educacio.eu	fringilla.porttitor.vulputate@bcn.cat	
Lee	Calvo	Pastor	648689172	1949-10-24	l.calvo@educacio.edu	ac.mattis.velit@gencat.com	
Devin	Gimenez	Peña	637821346	1977-02-01	d.gimenez@educacio.edu	ac@institut.cat	
Audra	Vidal	Peña	657880629	1952-03-15	a.vidal@educacio.eu	diam@educacio.cat	
Cara	Nuñez	Peña	697746880	1949-11-15	c.nuñez@educacio.eu	mauris.aliquam@educacio.com	
Arsenio	Ortiz	Peña	643169832	1966-03-15	a.ortiz@govern.cat	nec.diam@gencat.cateu	
Drake	Cortes	Perez	600124060	1948-12-22	d.cortes@bcn.cat	ipsum.ac@institut.edu	
Anjolie	Moya	Prieto	612844659	1948-06-12	a.moya@govern.cat	lorem.eu@institut.edu	
Irene	Ortiz	Ramirez	628488991	1955-12-18	i.ortiz@educacio.com	phasellus.vitae.mauris@educacio.com	
Sawyer	Izquierdo	Ramos	623617207	1991-03-02	s.izquierdo@govern.cat	euismod.in.dolor@govern.edu	
Francis	Ortiz	Reyes	678897395	1947-04-15	f.ortiz@educacio.com	egestas.ligula@institut.cat	
Diana	Rubio	Reyes	689844959	1988-06-23	d.rubio@educacio.com	nec@govern.cateu	
Lillith	Delgado	Rodriguez	634916385	1972-12-16	l.delgado@educacio.com	tristique@educacio.cat	
Ishmael	Ortega	Rubio	674889377	1991-12-15	i.ortega@govern.cat	mauris.sapien@institut.cat	
Jena	Castro	Ruiz	628882561	1947-10-11	j.castro@educacio.edu	vitae.erat@govern.com	
Patricia	Soler	Saez	672600586	1991-07-25	p.soler@educacio.com	a.aliquet@educacio.cat	
Aimee	Andres	Sanchez	642511329	1950-05-10	a.andres@institut.edu	donec.tempor@govern.cateu	
Philip	Andres	Sanchez	647329569	1951-12-29	p.andres@educacio.com	et@educacio.edu	
Daphne	Ruiz	Santana	606871051	2001-10-03	d.ruiz@institut.edu	aliquam.enim.nec@educacio.cat	
Gil	Marin	Santos	618383129	1993-05-31	g.marin@educacio.eu	euismod.ac@educacio.edu	
Cameran	Pastor	Santos	664253388	1980-02-27	c.pastor@gencat.cat	magna.tellus@govern.com	
Kiona	Alonso	Santos	630163189	1995-08-26	k.alonso@institut.edu	vivamus.non.lorem@institut.edu	
May	Cruz	Sanz	644007270	1969-06-14	m.cruz@gencat.cat	nibh.quisque@educacio.cat	
Wang	Caballero	Sanz	652564910	1997-10-26	w.caballero@bcn.cat	curae@educacio.cateu	
Rhonda	Castro	Sanz	674591952	1946-02-13	r.castro@educacio.eu	dictum.placerat@educacio.cat	
Kasimir	Marquez	Sanz	672423537	1990-11-28	k.marquez@bcn.cat	enim.sed@educacio.edu	
Nevada	Vega	Soler	673124638	1944-09-19	n.vega@govern.cat	enim.commodo@educacio.edu	
Quintessa	Esteban	Soler	643872600	1957-08-18	q.esteban@bcn.cat	enim.mauris@gencat.com	
Cameron	Alvarez	Soler	659483207	1967-11-07	c.alvarez@gencat.cat	nulla.tincidunt@gencat.cat	
Jenette	Carmona	Suarez	648507665	1975-08-20	j.carmona@bcn.cat	sit.amet.faucibus@bcn.cateu	
Demetria	Campos	Torres	665992646	1988-02-15	d.campos@bcn.cat	nam.porttitor@bcn.cat	
Dexter	Gonzalez	Torres	674714017	1987-02-15	d.gonzalez@educacio.com	urna.justo@educacio.cat	
Claudia	Pascual	Vicente	685803600	1940-09-30	c.pascual@educacio.edu	aliquam.ultrices@govern.edu	
Kai	Cano	Vidal	653770468	1985-08-29	k.cano@gencat.cat	molestie.sed@gencat.cat	
Linus	Miguel	Vidal	694867425	1942-05-10	l.miguel@educacio.edu	ac.mattis.velit@educacio.cat	
